,num,coh
0,10,-0.0002304957062006
1,50,0.006352020905042688
2,100,0.005221862627917694
3,150,0.006657418908068429
4,200,0.007429802422825662
5,250,0.007185562372828523
6,300,0.007851094146328114
