,num,coh
0,5,-0.010112104196515348
1,10,-0.0031674908422347574
2,15,-0.003072685161950412
3,20,-0.0034855624598761404
4,25,0.0031760504667957628
5,30,0.00233094913367596
6,35,0.0038536017524108046
7,40,0.0019653402649176623
